{
  "expected_returns": {
    "TSLA": 0.01433975576682002,
    "BND": 0.0019390448977403786,
    "SPY": -0.00024147886372645488
  },
  "risk_metrics": {
    "TSLA": 0.635167112556547,
    "BND": 0.06728041545555861,
    "SPY": 0.1864476222796248
  },
  "max_sharpe_portfolio": {
    "weights": {
      "TSLA": 1.0,
      "BND": 0.0,
      "SPY": 1.3010426069826053e-16
    },
    "return": 0.01433975576682002,
    "volatility": 0.635167112556547,
    "sharpe_ratio": -0.008911425231696118
  },
  "min_vol_portfolio": {
    "weights": {
      "TSLA": 1.6371452804531117e-17,
      "BND": 0.9453697715395576,
      "SPY": 0.054630228460442416
    },
    "return": 0.0018199223864880227,
    "volatility": 0.06653860612366758,
    "sharpe_ratio": -0.2732260062635334
  }
}